route_id,service_id,trip_id,trip_headsign,direction_id,shape_id
TR,WEEKDAY,TR_WEEKDAY_0_1,LA CASILLA,0,TR_SHAPE_8753520
TR,WEEKDAY,TR_WEEKDAY_0_2,LA CASILLA,0,TR_SHAPE_8753520
TR,WEEKDAY,TR_WEEKDAY_0_3,LA CASILLA,0,TR_SHAPE_8753520
TR,WEEKDAY,TR_WEEKDAY_0_4,LA CASILLA,0,TR_SHAPE_8753520
TR,WEEKDAY,TR_WEEKDAY_0_5,LA CASILLA,0,TR_SHAPE_8753520
TR,WEEKDAY,TR_WEEKDAY_0_6,LA CASILLA,0,TR_SHAPE_8753520
TR,WEEKDAY,TR_WEEKDAY_0_7,LA CASILLA,0,TR_SHAPE_8753520
TR,WEEKDAY,TR_WEEKDAY_0_8,LA CASILLA,0,TR_SHAPE_8753520
TR,WEEKDAY,TR_WEEKDAY_0_9,LA CASILLA,0,TR_SHAPE_8753520
TR,WEEKDAY,TR_WEEKDAY_0_10,LA CASILLA,0,TR_SHAPE_8753520
TR,WEEKDAY,TR_WEEKDAY_0_11,LA CASILLA,0,TR_SHAPE_8753520
TR,WEEKDAY,TR_WEEKDAY_0_12,LA CASILLA,0,TR_SHAPE_8753520
TR,WEEKDAY,TR_WEEKDAY_0_13,LA CASILLA,0,TR_SHAPE_8753520
TR,WEEKDAY,TR_WEEKDAY_0_14,LA CASILLA,0,TR_SHAPE_8753520
TR,WEEKDAY,TR_WEEKDAY_0_15,LA CASILLA,0,TR_SHAPE_8753520
TR,WEEKDAY,TR_WEEKDAY_0_16,LA CASILLA,0,TR_SHAPE_8753520
TR,WEEKDAY,TR_WEEKDAY_0_17,LA CASILLA,0,TR_SHAPE_8753520
TR,WEEKDAY,TR_WEEKDAY_0_18,LA CASILLA,0,TR_SHAPE_8753520
TR,WEEKDAY,TR_WEEKDAY_0_19,LA CASILLA,0,TR_SHAPE_8753520
TR,WEEKDAY,TR_WEEKDAY_0_20,LA CASILLA,0,TR_SHAPE_8753520
TR,WEEKDAY,TR_WEEKDAY_0_21,LA CASILLA,0,TR_SHAPE_8753520
TR,WEEKDAY,TR_WEEKDAY_0_22,LA CASILLA,0,TR_SHAPE_8753520
TR,WEEKDAY,TR_WEEKDAY_0_23,LA CASILLA,0,TR_SHAPE_8753520
TR,WEEKDAY,TR_WEEKDAY_0_24,LA CASILLA,0,TR_SHAPE_8753520
TR,WEEKDAY,TR_WEEKDAY_0_25,LA CASILLA,0,TR_SHAPE_8753520
TR,WEEKDAY,TR_WEEKDAY_0_26,LA CASILLA,0,TR_SHAPE_8753520
TR,WEEKDAY,TR_WEEKDAY_0_27,LA CASILLA,0,TR_SHAPE_8753520
TR,WEEKDAY,TR_WEEKDAY_0_28,LA CASILLA,0,TR_SHAPE_8753520
TR,WEEKDAY,TR_WEEKDAY_0_29,LA CASILLA,0,TR_SHAPE_8753520
TR,WEEKDAY,TR_WEEKDAY_0_30,LA CASILLA,0,TR_SHAPE_8753520
TR,WEEKDAY,TR_WEEKDAY_0_31,LA CASILLA,0,TR_SHAPE_8753520
TR,WEEKDAY,TR_WEEKDAY_0_32,LA CASILLA,0,TR_SHAPE_8753520
TR,WEEKDAY,TR_WEEKDAY_0_33,LA CASILLA,0,TR_SHAPE_8753520
TR,WEEKDAY,TR_WEEKDAY_0_34,LA CASILLA,0,TR_SHAPE_8753520
TR,WEEKDAY,TR_WEEKDAY_0_35,LA CASILLA,0,TR_SHAPE_8753520
TR,WEEKDAY,TR_WEEKDAY_0_36,LA CASILLA,0,TR_SHAPE_8753520
TR,WEEKDAY,TR_WEEKDAY_0_37,LA CASILLA,0,TR_SHAPE_8753520
TR,WEEKDAY,TR_WEEKDAY_0_38,LA CASILLA,0,TR_SHAPE_8753520
TR,WEEKDAY,TR_WEEKDAY_0_39,LA CASILLA,0,TR_SHAPE_8753520
TR,WEEKDAY,TR_WEEKDAY_0_40,LA CASILLA,0,TR_SHAPE_8753520
TR,WEEKDAY,TR_WEEKDAY_0_41,LA CASILLA,0,TR_SHAPE_8753520
TR,WEEKDAY,TR_WEEKDAY_0_42,LA CASILLA,0,TR_SHAPE_8753520
TR,WEEKDAY,TR_WEEKDAY_0_43,LA CASILLA,0,TR_SHAPE_8753520
TR,WEEKDAY,TR_WEEKDAY_0_44,LA CASILLA,0,TR_SHAPE_8753520
TR,WEEKDAY,TR_WEEKDAY_0_45,LA CASILLA,0,TR_SHAPE_8753520
TR,WEEKDAY,TR_WEEKDAY_0_46,LA CASILLA,0,TR_SHAPE_8753520
TR,WEEKDAY,TR_WEEKDAY_0_47,LA CASILLA,0,TR_SHAPE_8753520
TR,WEEKDAY,TR_WEEKDAY_0_48,LA CASILLA,0,TR_SHAPE_8753520
TR,WEEKDAY,TR_WEEKDAY_0_49,LA CASILLA,0,TR_SHAPE_8753520
TR,WEEKDAY,TR_WEEKDAY_0_50,LA CASILLA,0,TR_SHAPE_8753520
TR,WEEKDAY,TR_WEEKDAY_0_51,LA CASILLA,0,TR_SHAPE_8753520
TR,WEEKDAY,TR_WEEKDAY_0_52,LA CASILLA,0,TR_SHAPE_8753520
TR,WEEKDAY,TR_WEEKDAY_0_53,LA CASILLA,0,TR_SHAPE_8753520
TR,WEEKDAY,TR_WEEKDAY_0_54,LA CASILLA,0,TR_SHAPE_8753520
TR,WEEKDAY,TR_WEEKDAY_0_55,LA CASILLA,0,TR_SHAPE_8753520
TR,WEEKDAY,TR_WEEKDAY_0_56,LA CASILLA,0,TR_SHAPE_8753520
TR,WEEKDAY,TR_WEEKDAY_0_57,LA CASILLA,0,TR_SHAPE_8753520
TR,WEEKDAY,TR_WEEKDAY_0_58,LA CASILLA,0,TR_SHAPE_8753520
TR,WEEKDAY,TR_WEEKDAY_0_59,LA CASILLA,0,TR_SHAPE_8753520
TR,WEEKDAY,TR_WEEKDAY_0_60,LA CASILLA,0,TR_SHAPE_8753520
TR,WEEKDAY,TR_WEEKDAY_0_61,LA CASILLA,0,TR_SHAPE_8753520
TR,WEEKDAY,TR_WEEKDAY_0_62,LA CASILLA,0,TR_SHAPE_8753520
TR,WEEKDAY,TR_WEEKDAY_0_63,LA CASILLA,0,TR_SHAPE_8753520
TR,WEEKDAY,TR_WEEKDAY_0_64,LA CASILLA,0,TR_SHAPE_8753520
TR,WEEKDAY,TR_WEEKDAY_0_65,LA CASILLA,0,TR_SHAPE_8753520
TR,WEEKDAY,TR_WEEKDAY_0_66,LA CASILLA,0,TR_SHAPE_8753520
TR,WEEKDAY,TR_WEEKDAY_0_67,LA CASILLA,0,TR_SHAPE_8753520
TR,WEEKDAY,TR_WEEKDAY_0_68,LA CASILLA,0,TR_SHAPE_8753520
TR,WEEKDAY,TR_WEEKDAY_0_69,LA CASILLA,0,TR_SHAPE_8753520
TR,WEEKDAY,TR_WEEKDAY_0_70,LA CASILLA,0,TR_SHAPE_8753520
TR,WEEKDAY,TR_WEEKDAY_0_71,LA CASILLA,0,TR_SHAPE_8753520
TR,WEEKDAY,TR_WEEKDAY_0_72,LA CASILLA,0,TR_SHAPE_8753520
TR,WEEKDAY,TR_WEEKDAY_0_73,LA CASILLA,0,TR_SHAPE_8753520
TR,WEEKDAY,TR_WEEKDAY_0_74,LA CASILLA,0,TR_SHAPE_8753520
TR,WEEKDAY,TR_WEEKDAY_0_75,LA CASILLA,0,TR_SHAPE_8753520
TR,WEEKDAY,TR_WEEKDAY_0_76,LA CASILLA,0,TR_SHAPE_8753520
TR,WEEKDAY,TR_WEEKDAY_0_77,LA CASILLA,0,TR_SHAPE_8753520
TR,WEEKDAY,TR_WEEKDAY_0_78,LA CASILLA,0,TR_SHAPE_8753520
TR,WEEKDAY,TR_WEEKDAY_0_79,LA CASILLA,0,TR_SHAPE_8753520
TR,WEEKDAY,TR_WEEKDAY_0_80,LA CASILLA,0,TR_SHAPE_8753520
TR,WEEKDAY,TR_WEEKDAY_0_81,LA CASILLA,0,TR_SHAPE_8753520
TR,WEEKDAY,TR_WEEKDAY_0_82,LA CASILLA,0,TR_SHAPE_8753520
TR,WEEKDAY,TR_WEEKDAY_0_83,LA CASILLA,0,TR_SHAPE_8753520
TR,WEEKDAY,TR_WEEKDAY_0_84,LA CASILLA,0,TR_SHAPE_8753520
TR,WEEKDAY,TR_WEEKDAY_1_85,BOLUETA,1,TR_SHAPE_8753521
TR,WEEKDAY,TR_WEEKDAY_1_86,BOLUETA,1,TR_SHAPE_8753521
TR,WEEKDAY,TR_WEEKDAY_1_87,BOLUETA,1,TR_SHAPE_8753521
TR,WEEKDAY,TR_WEEKDAY_1_88,BOLUETA,1,TR_SHAPE_8753521
TR,WEEKDAY,TR_WEEKDAY_1_89,BOLUETA,1,TR_SHAPE_8753521
TR,WEEKDAY,TR_WEEKDAY_1_90,BOLUETA,1,TR_SHAPE_8753521
TR,WEEKDAY,TR_WEEKDAY_1_91,BOLUETA,1,TR_SHAPE_8753521
TR,WEEKDAY,TR_WEEKDAY_1_92,BOLUETA,1,TR_SHAPE_8753521
TR,WEEKDAY,TR_WEEKDAY_1_93,BOLUETA,1,TR_SHAPE_8753521
TR,WEEKDAY,TR_WEEKDAY_1_94,BOLUETA,1,TR_SHAPE_8753521
TR,WEEKDAY,TR_WEEKDAY_1_95,BOLUETA,1,TR_SHAPE_8753521
TR,WEEKDAY,TR_WEEKDAY_1_96,BOLUETA,1,TR_SHAPE_8753521
TR,WEEKDAY,TR_WEEKDAY_1_97,BOLUETA,1,TR_SHAPE_8753521
TR,WEEKDAY,TR_WEEKDAY_1_98,BOLUETA,1,TR_SHAPE_8753521
TR,WEEKDAY,TR_WEEKDAY_1_99,BOLUETA,1,TR_SHAPE_8753521
TR,WEEKDAY,TR_WEEKDAY_1_100,BOLUETA,1,TR_SHAPE_8753521
TR,WEEKDAY,TR_WEEKDAY_1_101,BOLUETA,1,TR_SHAPE_8753521
TR,WEEKDAY,TR_WEEKDAY_1_102,BOLUETA,1,TR_SHAPE_8753521
TR,WEEKDAY,TR_WEEKDAY_1_103,BOLUETA,1,TR_SHAPE_8753521
TR,WEEKDAY,TR_WEEKDAY_1_104,BOLUETA,1,TR_SHAPE_8753521
TR,WEEKDAY,TR_WEEKDAY_1_105,BOLUETA,1,TR_SHAPE_8753521
TR,WEEKDAY,TR_WEEKDAY_1_106,BOLUETA,1,TR_SHAPE_8753521
TR,WEEKDAY,TR_WEEKDAY_1_107,BOLUETA,1,TR_SHAPE_8753521
TR,WEEKDAY,TR_WEEKDAY_1_108,BOLUETA,1,TR_SHAPE_8753521
TR,WEEKDAY,TR_WEEKDAY_1_109,BOLUETA,1,TR_SHAPE_8753521
TR,WEEKDAY,TR_WEEKDAY_1_110,BOLUETA,1,TR_SHAPE_8753521
TR,WEEKDAY,TR_WEEKDAY_1_111,BOLUETA,1,TR_SHAPE_8753521
TR,WEEKDAY,TR_WEEKDAY_1_112,BOLUETA,1,TR_SHAPE_8753521
TR,WEEKDAY,TR_WEEKDAY_1_113,BOLUETA,1,TR_SHAPE_8753521
TR,WEEKDAY,TR_WEEKDAY_1_114,BOLUETA,1,TR_SHAPE_8753521
TR,WEEKDAY,TR_WEEKDAY_1_115,BOLUETA,1,TR_SHAPE_8753521
TR,WEEKDAY,TR_WEEKDAY_1_116,BOLUETA,1,TR_SHAPE_8753521
TR,WEEKDAY,TR_WEEKDAY_1_117,BOLUETA,1,TR_SHAPE_8753521
TR,WEEKDAY,TR_WEEKDAY_1_118,BOLUETA,1,TR_SHAPE_8753521
TR,WEEKDAY,TR_WEEKDAY_1_119,BOLUETA,1,TR_SHAPE_8753521
TR,WEEKDAY,TR_WEEKDAY_1_120,BOLUETA,1,TR_SHAPE_8753521
TR,WEEKDAY,TR_WEEKDAY_1_121,BOLUETA,1,TR_SHAPE_8753521
TR,WEEKDAY,TR_WEEKDAY_1_122,BOLUETA,1,TR_SHAPE_8753521
TR,WEEKDAY,TR_WEEKDAY_1_123,BOLUETA,1,TR_SHAPE_8753521
TR,WEEKDAY,TR_WEEKDAY_1_124,BOLUETA,1,TR_SHAPE_8753521
TR,WEEKDAY,TR_WEEKDAY_1_125,BOLUETA,1,TR_SHAPE_8753521
TR,WEEKDAY,TR_WEEKDAY_1_126,BOLUETA,1,TR_SHAPE_8753521
TR,WEEKDAY,TR_WEEKDAY_1_127,BOLUETA,1,TR_SHAPE_8753521
TR,WEEKDAY,TR_WEEKDAY_1_128,BOLUETA,1,TR_SHAPE_8753521
TR,WEEKDAY,TR_WEEKDAY_1_129,BOLUETA,1,TR_SHAPE_8753521
TR,WEEKDAY,TR_WEEKDAY_1_130,BOLUETA,1,TR_SHAPE_8753521
TR,WEEKDAY,TR_WEEKDAY_1_131,BOLUETA,1,TR_SHAPE_8753521
TR,WEEKDAY,TR_WEEKDAY_1_132,BOLUETA,1,TR_SHAPE_8753521
TR,WEEKDAY,TR_WEEKDAY_1_133,BOLUETA,1,TR_SHAPE_8753521
TR,WEEKDAY,TR_WEEKDAY_1_134,BOLUETA,1,TR_SHAPE_8753521
TR,WEEKDAY,TR_WEEKDAY_1_135,BOLUETA,1,TR_SHAPE_8753521
TR,WEEKDAY,TR_WEEKDAY_1_136,BOLUETA,1,TR_SHAPE_8753521
TR,WEEKDAY,TR_WEEKDAY_1_137,BOLUETA,1,TR_SHAPE_8753521
TR,WEEKDAY,TR_WEEKDAY_1_138,BOLUETA,1,TR_SHAPE_8753521
TR,WEEKDAY,TR_WEEKDAY_1_139,BOLUETA,1,TR_SHAPE_8753521
TR,WEEKDAY,TR_WEEKDAY_1_140,BOLUETA,1,TR_SHAPE_8753521
TR,WEEKDAY,TR_WEEKDAY_1_141,BOLUETA,1,TR_SHAPE_8753521
TR,WEEKDAY,TR_WEEKDAY_1_142,BOLUETA,1,TR_SHAPE_8753521
TR,WEEKDAY,TR_WEEKDAY_1_143,BOLUETA,1,TR_SHAPE_8753521
TR,WEEKDAY,TR_WEEKDAY_1_144,BOLUETA,1,TR_SHAPE_8753521
TR,WEEKDAY,TR_WEEKDAY_1_145,BOLUETA,1,TR_SHAPE_8753521
TR,WEEKDAY,TR_WEEKDAY_1_146,BOLUETA,1,TR_SHAPE_8753521
TR,WEEKDAY,TR_WEEKDAY_1_147,BOLUETA,1,TR_SHAPE_8753521
TR,WEEKDAY,TR_WEEKDAY_1_148,BOLUETA,1,TR_SHAPE_8753521
TR,WEEKDAY,TR_WEEKDAY_1_149,BOLUETA,1,TR_SHAPE_8753521
TR,WEEKDAY,TR_WEEKDAY_1_150,BOLUETA,1,TR_SHAPE_8753521
TR,WEEKDAY,TR_WEEKDAY_1_151,BOLUETA,1,TR_SHAPE_8753521
TR,WEEKDAY,TR_WEEKDAY_1_152,BOLUETA,1,TR_SHAPE_8753521
TR,WEEKDAY,TR_WEEKDAY_1_153,BOLUETA,1,TR_SHAPE_8753521
TR,WEEKDAY,TR_WEEKDAY_1_154,BOLUETA,1,TR_SHAPE_8753521
TR,WEEKDAY,TR_WEEKDAY_1_155,BOLUETA,1,TR_SHAPE_8753521
TR,WEEKDAY,TR_WEEKDAY_1_156,BOLUETA,1,TR_SHAPE_8753521
TR,WEEKDAY,TR_WEEKDAY_1_157,BOLUETA,1,TR_SHAPE_8753521
TR,WEEKDAY,TR_WEEKDAY_1_158,BOLUETA,1,TR_SHAPE_8753521
TR,WEEKDAY,TR_WEEKDAY_1_159,BOLUETA,1,TR_SHAPE_8753521
TR,WEEKDAY,TR_WEEKDAY_1_160,BOLUETA,1,TR_SHAPE_8753521
TR,WEEKDAY,TR_WEEKDAY_1_161,BOLUETA,1,TR_SHAPE_8753521
TR,WEEKDAY,TR_WEEKDAY_1_162,BOLUETA,1,TR_SHAPE_8753521
TR,WEEKDAY,TR_WEEKDAY_1_163,BOLUETA,1,TR_SHAPE_8753521
TR,WEEKDAY,TR_WEEKDAY_1_164,BOLUETA,1,TR_SHAPE_8753521
TR,WEEKDAY,TR_WEEKDAY_1_165,ATXURI,1,TR_SHAPE_8753521
TR,WEEKDAY,TR_WEEKDAY_1_166,ATXURI,1,TR_SHAPE_8753521
TR,WEEKDAY,TR_WEEKDAY_1_167,ATXURI,1,TR_SHAPE_8753521
TR,SATURDAY,TR_SATURDAY_0_168,LA CASILLA,0,TR_SHAPE_8753520
TR,SATURDAY,TR_SATURDAY_0_169,LA CASILLA,0,TR_SHAPE_8753520
TR,SATURDAY,TR_SATURDAY_0_170,LA CASILLA,0,TR_SHAPE_8753520
TR,SATURDAY,TR_SATURDAY_0_171,LA CASILLA,0,TR_SHAPE_8753520
TR,SATURDAY,TR_SATURDAY_0_172,LA CASILLA,0,TR_SHAPE_8753520
TR,SATURDAY,TR_SATURDAY_0_173,LA CASILLA,0,TR_SHAPE_8753520
TR,SATURDAY,TR_SATURDAY_0_174,LA CASILLA,0,TR_SHAPE_8753520
TR,SATURDAY,TR_SATURDAY_0_175,LA CASILLA,0,TR_SHAPE_8753520
TR,SATURDAY,TR_SATURDAY_0_176,LA CASILLA,0,TR_SHAPE_8753520
TR,SATURDAY,TR_SATURDAY_0_177,LA CASILLA,0,TR_SHAPE_8753520
TR,SATURDAY,TR_SATURDAY_0_178,LA CASILLA,0,TR_SHAPE_8753520
TR,SATURDAY,TR_SATURDAY_0_179,LA CASILLA,0,TR_SHAPE_8753520
TR,SATURDAY,TR_SATURDAY_0_180,LA CASILLA,0,TR_SHAPE_8753520
TR,SATURDAY,TR_SATURDAY_0_181,LA CASILLA,0,TR_SHAPE_8753520
TR,SATURDAY,TR_SATURDAY_0_182,LA CASILLA,0,TR_SHAPE_8753520
TR,SATURDAY,TR_SATURDAY_0_183,LA CASILLA,0,TR_SHAPE_8753520
TR,SATURDAY,TR_SATURDAY_0_184,LA CASILLA,0,TR_SHAPE_8753520
TR,SATURDAY,TR_SATURDAY_0_185,LA CASILLA,0,TR_SHAPE_8753520
TR,SATURDAY,TR_SATURDAY_0_186,LA CASILLA,0,TR_SHAPE_8753520
TR,SATURDAY,TR_SATURDAY_0_187,LA CASILLA,0,TR_SHAPE_8753520
TR,SATURDAY,TR_SATURDAY_0_188,LA CASILLA,0,TR_SHAPE_8753520
TR,SATURDAY,TR_SATURDAY_0_189,LA CASILLA,0,TR_SHAPE_8753520
TR,SATURDAY,TR_SATURDAY_0_190,LA CASILLA,0,TR_SHAPE_8753520
TR,SATURDAY,TR_SATURDAY_0_191,LA CASILLA,0,TR_SHAPE_8753520
TR,SATURDAY,TR_SATURDAY_0_192,LA CASILLA,0,TR_SHAPE_8753520
TR,SATURDAY,TR_SATURDAY_0_193,LA CASILLA,0,TR_SHAPE_8753520
TR,SATURDAY,TR_SATURDAY_0_194,LA CASILLA,0,TR_SHAPE_8753520
TR,SATURDAY,TR_SATURDAY_0_195,LA CASILLA,0,TR_SHAPE_8753520
TR,SATURDAY,TR_SATURDAY_0_196,LA CASILLA,0,TR_SHAPE_8753520
TR,SATURDAY,TR_SATURDAY_0_197,LA CASILLA,0,TR_SHAPE_8753520
TR,SATURDAY,TR_SATURDAY_0_198,LA CASILLA,0,TR_SHAPE_8753520
TR,SATURDAY,TR_SATURDAY_0_199,LA CASILLA,0,TR_SHAPE_8753520
TR,SATURDAY,TR_SATURDAY_0_200,LA CASILLA,0,TR_SHAPE_8753520
TR,SATURDAY,TR_SATURDAY_0_201,LA CASILLA,0,TR_SHAPE_8753520
TR,SATURDAY,TR_SATURDAY_0_202,LA CASILLA,0,TR_SHAPE_8753520
TR,SATURDAY,TR_SATURDAY_0_203,LA CASILLA,0,TR_SHAPE_8753520
TR,SATURDAY,TR_SATURDAY_0_204,LA CASILLA,0,TR_SHAPE_8753520
TR,SATURDAY,TR_SATURDAY_0_205,LA CASILLA,0,TR_SHAPE_8753520
TR,SATURDAY,TR_SATURDAY_0_206,LA CASILLA,0,TR_SHAPE_8753520
TR,SATURDAY,TR_SATURDAY_0_207,LA CASILLA,0,TR_SHAPE_8753520
TR,SATURDAY,TR_SATURDAY_0_208,LA CASILLA,0,TR_SHAPE_8753520
TR,SATURDAY,TR_SATURDAY_0_209,LA CASILLA,0,TR_SHAPE_8753520
TR,SATURDAY,TR_SATURDAY_0_210,LA CASILLA,0,TR_SHAPE_8753520
TR,SATURDAY,TR_SATURDAY_0_211,LA CASILLA,0,TR_SHAPE_8753520
TR,SATURDAY,TR_SATURDAY_0_212,LA CASILLA,0,TR_SHAPE_8753520
TR,SATURDAY,TR_SATURDAY_0_213,LA CASILLA,0,TR_SHAPE_8753520
TR,SATURDAY,TR_SATURDAY_0_214,LA CASILLA,0,TR_SHAPE_8753520
TR,SATURDAY,TR_SATURDAY_0_215,LA CASILLA,0,TR_SHAPE_8753520
TR,SATURDAY,TR_SATURDAY_0_216,LA CASILLA,0,TR_SHAPE_8753520
TR,SATURDAY,TR_SATURDAY_0_217,LA CASILLA,0,TR_SHAPE_8753520
TR,SATURDAY,TR_SATURDAY_0_218,LA CASILLA,0,TR_SHAPE_8753520
TR,SATURDAY,TR_SATURDAY_0_219,LA CASILLA,0,TR_SHAPE_8753520
TR,SATURDAY,TR_SATURDAY_0_220,LA CASILLA,0,TR_SHAPE_8753520
TR,SATURDAY,TR_SATURDAY_0_221,LA CASILLA,0,TR_SHAPE_8753520
TR,SATURDAY,TR_SATURDAY_0_222,LA CASILLA,0,TR_SHAPE_8753520
TR,SATURDAY,TR_SATURDAY_0_223,LA CASILLA,0,TR_SHAPE_8753520
TR,SATURDAY,TR_SATURDAY_0_224,LA CASILLA,0,TR_SHAPE_8753520
TR,SATURDAY,TR_SATURDAY_0_225,LA CASILLA,0,TR_SHAPE_8753520
TR,SATURDAY,TR_SATURDAY_0_226,LA CASILLA,0,TR_SHAPE_8753520
TR,SATURDAY,TR_SATURDAY_0_227,LA CASILLA,0,TR_SHAPE_8753520
TR,SATURDAY,TR_SATURDAY_0_228,LA CASILLA,0,TR_SHAPE_8753520
TR,SATURDAY,TR_SATURDAY_0_229,LA CASILLA,0,TR_SHAPE_8753520
TR,SATURDAY,TR_SATURDAY_0_230,LA CASILLA,0,TR_SHAPE_8753520
TR,SATURDAY,TR_SATURDAY_0_231,LA CASILLA,0,TR_SHAPE_8753520
TR,SATURDAY,TR_SATURDAY_0_232,LA CASILLA,0,TR_SHAPE_8753520
TR,SATURDAY,TR_SATURDAY_0_233,LA CASILLA,0,TR_SHAPE_8753520
TR,SATURDAY,TR_SATURDAY_0_234,LA CASILLA,0,TR_SHAPE_8753520
TR,SATURDAY,TR_SATURDAY_0_235,LA CASILLA,0,TR_SHAPE_8753520
TR,SATURDAY,TR_SATURDAY_0_236,LA CASILLA,0,TR_SHAPE_8753520
TR,SATURDAY,TR_SATURDAY_0_237,LA CASILLA,0,TR_SHAPE_8753520
TR,SATURDAY,TR_SATURDAY_0_238,LA CASILLA,0,TR_SHAPE_8753520
TR,SATURDAY,TR_SATURDAY_1_239,BOLUETA,1,TR_SHAPE_8753521
TR,SATURDAY,TR_SATURDAY_1_240,BOLUETA,1,TR_SHAPE_8753521
TR,SATURDAY,TR_SATURDAY_1_241,BOLUETA,1,TR_SHAPE_8753521
TR,SATURDAY,TR_SATURDAY_1_242,BOLUETA,1,TR_SHAPE_8753521
TR,SATURDAY,TR_SATURDAY_1_243,BOLUETA,1,TR_SHAPE_8753521
TR,SATURDAY,TR_SATURDAY_1_244,BOLUETA,1,TR_SHAPE_8753521
TR,SATURDAY,TR_SATURDAY_1_245,BOLUETA,1,TR_SHAPE_8753521
TR,SATURDAY,TR_SATURDAY_1_246,BOLUETA,1,TR_SHAPE_8753521
TR,SATURDAY,TR_SATURDAY_1_247,BOLUETA,1,TR_SHAPE_8753521
TR,SATURDAY,TR_SATURDAY_1_248,BOLUETA,1,TR_SHAPE_8753521
TR,SATURDAY,TR_SATURDAY_1_249,BOLUETA,1,TR_SHAPE_8753521
TR,SATURDAY,TR_SATURDAY_1_250,BOLUETA,1,TR_SHAPE_8753521
TR,SATURDAY,TR_SATURDAY_1_251,BOLUETA,1,TR_SHAPE_8753521
TR,SATURDAY,TR_SATURDAY_1_252,BOLUETA,1,TR_SHAPE_8753521
TR,SATURDAY,TR_SATURDAY_1_253,BOLUETA,1,TR_SHAPE_8753521
TR,SATURDAY,TR_SATURDAY_1_254,BOLUETA,1,TR_SHAPE_8753521
TR,SATURDAY,TR_SATURDAY_1_255,BOLUETA,1,TR_SHAPE_8753521
TR,SATURDAY,TR_SATURDAY_1_256,BOLUETA,1,TR_SHAPE_8753521
TR,SATURDAY,TR_SATURDAY_1_257,BOLUETA,1,TR_SHAPE_8753521
TR,SATURDAY,TR_SATURDAY_1_258,BOLUETA,1,TR_SHAPE_8753521
TR,SATURDAY,TR_SATURDAY_1_259,BOLUETA,1,TR_SHAPE_8753521
TR,SATURDAY,TR_SATURDAY_1_260,BOLUETA,1,TR_SHAPE_8753521
TR,SATURDAY,TR_SATURDAY_1_261,BOLUETA,1,TR_SHAPE_8753521
TR,SATURDAY,TR_SATURDAY_1_262,BOLUETA,1,TR_SHAPE_8753521
TR,SATURDAY,TR_SATURDAY_1_263,BOLUETA,1,TR_SHAPE_8753521
TR,SATURDAY,TR_SATURDAY_1_264,BOLUETA,1,TR_SHAPE_8753521
TR,SATURDAY,TR_SATURDAY_1_265,BOLUETA,1,TR_SHAPE_8753521
TR,SATURDAY,TR_SATURDAY_1_266,BOLUETA,1,TR_SHAPE_8753521
TR,SATURDAY,TR_SATURDAY_1_267,BOLUETA,1,TR_SHAPE_8753521
TR,SATURDAY,TR_SATURDAY_1_268,BOLUETA,1,TR_SHAPE_8753521
TR,SATURDAY,TR_SATURDAY_1_269,BOLUETA,1,TR_SHAPE_8753521
TR,SATURDAY,TR_SATURDAY_1_270,BOLUETA,1,TR_SHAPE_8753521
TR,SATURDAY,TR_SATURDAY_1_271,BOLUETA,1,TR_SHAPE_8753521
TR,SATURDAY,TR_SATURDAY_1_272,BOLUETA,1,TR_SHAPE_8753521
TR,SATURDAY,TR_SATURDAY_1_273,BOLUETA,1,TR_SHAPE_8753521
TR,SATURDAY,TR_SATURDAY_1_274,BOLUETA,1,TR_SHAPE_8753521
TR,SATURDAY,TR_SATURDAY_1_275,BOLUETA,1,TR_SHAPE_8753521
TR,SATURDAY,TR_SATURDAY_1_276,BOLUETA,1,TR_SHAPE_8753521
TR,SATURDAY,TR_SATURDAY_1_277,BOLUETA,1,TR_SHAPE_8753521
TR,SATURDAY,TR_SATURDAY_1_278,BOLUETA,1,TR_SHAPE_8753521
TR,SATURDAY,TR_SATURDAY_1_279,BOLUETA,1,TR_SHAPE_8753521
TR,SATURDAY,TR_SATURDAY_1_280,BOLUETA,1,TR_SHAPE_8753521
TR,SATURDAY,TR_SATURDAY_1_281,BOLUETA,1,TR_SHAPE_8753521
TR,SATURDAY,TR_SATURDAY_1_282,BOLUETA,1,TR_SHAPE_8753521
TR,SATURDAY,TR_SATURDAY_1_283,BOLUETA,1,TR_SHAPE_8753521
TR,SATURDAY,TR_SATURDAY_1_284,BOLUETA,1,TR_SHAPE_8753521
TR,SATURDAY,TR_SATURDAY_1_285,BOLUETA,1,TR_SHAPE_8753521
TR,SATURDAY,TR_SATURDAY_1_286,BOLUETA,1,TR_SHAPE_8753521
TR,SATURDAY,TR_SATURDAY_1_287,BOLUETA,1,TR_SHAPE_8753521
TR,SATURDAY,TR_SATURDAY_1_288,BOLUETA,1,TR_SHAPE_8753521
TR,SATURDAY,TR_SATURDAY_1_289,BOLUETA,1,TR_SHAPE_8753521
TR,SATURDAY,TR_SATURDAY_1_290,BOLUETA,1,TR_SHAPE_8753521
TR,SATURDAY,TR_SATURDAY_1_291,BOLUETA,1,TR_SHAPE_8753521
TR,SATURDAY,TR_SATURDAY_1_292,BOLUETA,1,TR_SHAPE_8753521
TR,SATURDAY,TR_SATURDAY_1_293,BOLUETA,1,TR_SHAPE_8753521
TR,SATURDAY,TR_SATURDAY_1_294,BOLUETA,1,TR_SHAPE_8753521
TR,SATURDAY,TR_SATURDAY_1_295,BOLUETA,1,TR_SHAPE_8753521
TR,SATURDAY,TR_SATURDAY_1_296,BOLUETA,1,TR_SHAPE_8753521
TR,SATURDAY,TR_SATURDAY_1_297,BOLUETA,1,TR_SHAPE_8753521
TR,SATURDAY,TR_SATURDAY_1_298,BOLUETA,1,TR_SHAPE_8753521
TR,SATURDAY,TR_SATURDAY_1_299,BOLUETA,1,TR_SHAPE_8753521
TR,SATURDAY,TR_SATURDAY_1_300,BOLUETA,1,TR_SHAPE_8753521
TR,SATURDAY,TR_SATURDAY_1_301,BOLUETA,1,TR_SHAPE_8753521
TR,SATURDAY,TR_SATURDAY_1_302,BOLUETA,1,TR_SHAPE_8753521
TR,SATURDAY,TR_SATURDAY_1_303,BOLUETA,1,TR_SHAPE_8753521
TR,SATURDAY,TR_SATURDAY_1_304,BOLUETA,1,TR_SHAPE_8753521
TR,SATURDAY,TR_SATURDAY_1_305,BOLUETA,1,TR_SHAPE_8753521
TR,SATURDAY,TR_SATURDAY_1_306,BOLUETA,1,TR_SHAPE_8753521
TR,SATURDAY,TR_SATURDAY_1_307,ATXURI,1,TR_SHAPE_8753521
TR,SATURDAY,TR_SATURDAY_1_308,ATXURI,1,TR_SHAPE_8753521
TR,SATURDAY,TR_SATURDAY_1_309,ATXURI,1,TR_SHAPE_8753521
TR,SUNDAY,TR_SUNDAY_0_310,LA CASILLA,0,TR_SHAPE_8753520
TR,SUNDAY,TR_SUNDAY_0_311,LA CASILLA,0,TR_SHAPE_8753520
TR,SUNDAY,TR_SUNDAY_0_312,LA CASILLA,0,TR_SHAPE_8753520
TR,SUNDAY,TR_SUNDAY_0_313,LA CASILLA,0,TR_SHAPE_8753520
TR,SUNDAY,TR_SUNDAY_0_314,LA CASILLA,0,TR_SHAPE_8753520
TR,SUNDAY,TR_SUNDAY_0_315,LA CASILLA,0,TR_SHAPE_8753520
TR,SUNDAY,TR_SUNDAY_0_316,LA CASILLA,0,TR_SHAPE_8753520
TR,SUNDAY,TR_SUNDAY_0_317,LA CASILLA,0,TR_SHAPE_8753520
TR,SUNDAY,TR_SUNDAY_0_318,LA CASILLA,0,TR_SHAPE_8753520
TR,SUNDAY,TR_SUNDAY_0_319,LA CASILLA,0,TR_SHAPE_8753520
TR,SUNDAY,TR_SUNDAY_0_320,LA CASILLA,0,TR_SHAPE_8753520
TR,SUNDAY,TR_SUNDAY_0_321,LA CASILLA,0,TR_SHAPE_8753520
TR,SUNDAY,TR_SUNDAY_0_322,LA CASILLA,0,TR_SHAPE_8753520
TR,SUNDAY,TR_SUNDAY_0_323,LA CASILLA,0,TR_SHAPE_8753520
TR,SUNDAY,TR_SUNDAY_0_324,LA CASILLA,0,TR_SHAPE_8753520
TR,SUNDAY,TR_SUNDAY_0_325,LA CASILLA,0,TR_SHAPE_8753520
TR,SUNDAY,TR_SUNDAY_0_326,LA CASILLA,0,TR_SHAPE_8753520
TR,SUNDAY,TR_SUNDAY_0_327,LA CASILLA,0,TR_SHAPE_8753520
TR,SUNDAY,TR_SUNDAY_0_328,LA CASILLA,0,TR_SHAPE_8753520
TR,SUNDAY,TR_SUNDAY_0_329,LA CASILLA,0,TR_SHAPE_8753520
TR,SUNDAY,TR_SUNDAY_0_330,LA CASILLA,0,TR_SHAPE_8753520
TR,SUNDAY,TR_SUNDAY_0_331,LA CASILLA,0,TR_SHAPE_8753520
TR,SUNDAY,TR_SUNDAY_0_332,LA CASILLA,0,TR_SHAPE_8753520
TR,SUNDAY,TR_SUNDAY_0_333,LA CASILLA,0,TR_SHAPE_8753520
TR,SUNDAY,TR_SUNDAY_0_334,LA CASILLA,0,TR_SHAPE_8753520
TR,SUNDAY,TR_SUNDAY_0_335,LA CASILLA,0,TR_SHAPE_8753520
TR,SUNDAY,TR_SUNDAY_0_336,LA CASILLA,0,TR_SHAPE_8753520
TR,SUNDAY,TR_SUNDAY_0_337,LA CASILLA,0,TR_SHAPE_8753520
TR,SUNDAY,TR_SUNDAY_0_338,LA CASILLA,0,TR_SHAPE_8753520
TR,SUNDAY,TR_SUNDAY_0_339,LA CASILLA,0,TR_SHAPE_8753520
TR,SUNDAY,TR_SUNDAY_0_340,LA CASILLA,0,TR_SHAPE_8753520
TR,SUNDAY,TR_SUNDAY_0_341,LA CASILLA,0,TR_SHAPE_8753520
TR,SUNDAY,TR_SUNDAY_0_342,LA CASILLA,0,TR_SHAPE_8753520
TR,SUNDAY,TR_SUNDAY_0_343,LA CASILLA,0,TR_SHAPE_8753520
TR,SUNDAY,TR_SUNDAY_0_344,LA CASILLA,0,TR_SHAPE_8753520
TR,SUNDAY,TR_SUNDAY_0_345,LA CASILLA,0,TR_SHAPE_8753520
TR,SUNDAY,TR_SUNDAY_0_346,LA CASILLA,0,TR_SHAPE_8753520
TR,SUNDAY,TR_SUNDAY_0_347,LA CASILLA,0,TR_SHAPE_8753520
TR,SUNDAY,TR_SUNDAY_0_348,LA CASILLA,0,TR_SHAPE_8753520
TR,SUNDAY,TR_SUNDAY_0_349,LA CASILLA,0,TR_SHAPE_8753520
TR,SUNDAY,TR_SUNDAY_0_350,LA CASILLA,0,TR_SHAPE_8753520
TR,SUNDAY,TR_SUNDAY_0_351,LA CASILLA,0,TR_SHAPE_8753520
TR,SUNDAY,TR_SUNDAY_0_352,LA CASILLA,0,TR_SHAPE_8753520
TR,SUNDAY,TR_SUNDAY_0_353,LA CASILLA,0,TR_SHAPE_8753520
TR,SUNDAY,TR_SUNDAY_0_354,LA CASILLA,0,TR_SHAPE_8753520
TR,SUNDAY,TR_SUNDAY_0_355,LA CASILLA,0,TR_SHAPE_8753520
TR,SUNDAY,TR_SUNDAY_0_356,LA CASILLA,0,TR_SHAPE_8753520
TR,SUNDAY,TR_SUNDAY_0_357,LA CASILLA,0,TR_SHAPE_8753520
TR,SUNDAY,TR_SUNDAY_0_358,LA CASILLA,0,TR_SHAPE_8753520
TR,SUNDAY,TR_SUNDAY_0_359,LA CASILLA,0,TR_SHAPE_8753520
TR,SUNDAY,TR_SUNDAY_0_360,LA CASILLA,0,TR_SHAPE_8753520
TR,SUNDAY,TR_SUNDAY_0_361,LA CASILLA,0,TR_SHAPE_8753520
TR,SUNDAY,TR_SUNDAY_0_362,LA CASILLA,0,TR_SHAPE_8753520
TR,SUNDAY,TR_SUNDAY_0_363,LA CASILLA,0,TR_SHAPE_8753520
TR,SUNDAY,TR_SUNDAY_0_364,LA CASILLA,0,TR_SHAPE_8753520
TR,SUNDAY,TR_SUNDAY_0_365,LA CASILLA,0,TR_SHAPE_8753520
TR,SUNDAY,TR_SUNDAY_0_366,LA CASILLA,0,TR_SHAPE_8753520
TR,SUNDAY,TR_SUNDAY_0_367,LA CASILLA,0,TR_SHAPE_8753520
TR,SUNDAY,TR_SUNDAY_0_368,LA CASILLA,0,TR_SHAPE_8753520
TR,SUNDAY,TR_SUNDAY_0_369,LA CASILLA,0,TR_SHAPE_8753520
TR,SUNDAY,TR_SUNDAY_0_370,LA CASILLA,0,TR_SHAPE_8753520
TR,SUNDAY,TR_SUNDAY_0_371,LA CASILLA,0,TR_SHAPE_8753520
TR,SUNDAY,TR_SUNDAY_0_372,LA CASILLA,0,TR_SHAPE_8753520
TR,SUNDAY,TR_SUNDAY_0_373,LA CASILLA,0,TR_SHAPE_8753520
TR,SUNDAY,TR_SUNDAY_0_374,LA CASILLA,0,TR_SHAPE_8753520
TR,SUNDAY,TR_SUNDAY_1_375,BOLUETA,1,TR_SHAPE_8753521
TR,SUNDAY,TR_SUNDAY_1_376,BOLUETA,1,TR_SHAPE_8753521
TR,SUNDAY,TR_SUNDAY_1_377,BOLUETA,1,TR_SHAPE_8753521
TR,SUNDAY,TR_SUNDAY_1_378,BOLUETA,1,TR_SHAPE_8753521
TR,SUNDAY,TR_SUNDAY_1_379,BOLUETA,1,TR_SHAPE_8753521
TR,SUNDAY,TR_SUNDAY_1_380,BOLUETA,1,TR_SHAPE_8753521
TR,SUNDAY,TR_SUNDAY_1_381,BOLUETA,1,TR_SHAPE_8753521
TR,SUNDAY,TR_SUNDAY_1_382,BOLUETA,1,TR_SHAPE_8753521
TR,SUNDAY,TR_SUNDAY_1_383,BOLUETA,1,TR_SHAPE_8753521
TR,SUNDAY,TR_SUNDAY_1_384,BOLUETA,1,TR_SHAPE_8753521
TR,SUNDAY,TR_SUNDAY_1_385,BOLUETA,1,TR_SHAPE_8753521
TR,SUNDAY,TR_SUNDAY_1_386,BOLUETA,1,TR_SHAPE_8753521
TR,SUNDAY,TR_SUNDAY_1_387,BOLUETA,1,TR_SHAPE_8753521
TR,SUNDAY,TR_SUNDAY_1_388,BOLUETA,1,TR_SHAPE_8753521
TR,SUNDAY,TR_SUNDAY_1_389,BOLUETA,1,TR_SHAPE_8753521
TR,SUNDAY,TR_SUNDAY_1_390,BOLUETA,1,TR_SHAPE_8753521
TR,SUNDAY,TR_SUNDAY_1_391,BOLUETA,1,TR_SHAPE_8753521
TR,SUNDAY,TR_SUNDAY_1_392,BOLUETA,1,TR_SHAPE_8753521
TR,SUNDAY,TR_SUNDAY_1_393,BOLUETA,1,TR_SHAPE_8753521
TR,SUNDAY,TR_SUNDAY_1_394,BOLUETA,1,TR_SHAPE_8753521
TR,SUNDAY,TR_SUNDAY_1_395,BOLUETA,1,TR_SHAPE_8753521
TR,SUNDAY,TR_SUNDAY_1_396,BOLUETA,1,TR_SHAPE_8753521
TR,SUNDAY,TR_SUNDAY_1_397,BOLUETA,1,TR_SHAPE_8753521
TR,SUNDAY,TR_SUNDAY_1_398,BOLUETA,1,TR_SHAPE_8753521
TR,SUNDAY,TR_SUNDAY_1_399,BOLUETA,1,TR_SHAPE_8753521
TR,SUNDAY,TR_SUNDAY_1_400,BOLUETA,1,TR_SHAPE_8753521
TR,SUNDAY,TR_SUNDAY_1_401,BOLUETA,1,TR_SHAPE_8753521
TR,SUNDAY,TR_SUNDAY_1_402,BOLUETA,1,TR_SHAPE_8753521
TR,SUNDAY,TR_SUNDAY_1_403,BOLUETA,1,TR_SHAPE_8753521
TR,SUNDAY,TR_SUNDAY_1_404,BOLUETA,1,TR_SHAPE_8753521
TR,SUNDAY,TR_SUNDAY_1_405,BOLUETA,1,TR_SHAPE_8753521
TR,SUNDAY,TR_SUNDAY_1_406,BOLUETA,1,TR_SHAPE_8753521
TR,SUNDAY,TR_SUNDAY_1_407,BOLUETA,1,TR_SHAPE_8753521
TR,SUNDAY,TR_SUNDAY_1_408,BOLUETA,1,TR_SHAPE_8753521
TR,SUNDAY,TR_SUNDAY_1_409,BOLUETA,1,TR_SHAPE_8753521
TR,SUNDAY,TR_SUNDAY_1_410,BOLUETA,1,TR_SHAPE_8753521
TR,SUNDAY,TR_SUNDAY_1_411,BOLUETA,1,TR_SHAPE_8753521
TR,SUNDAY,TR_SUNDAY_1_412,BOLUETA,1,TR_SHAPE_8753521
TR,SUNDAY,TR_SUNDAY_1_413,BOLUETA,1,TR_SHAPE_8753521
TR,SUNDAY,TR_SUNDAY_1_414,BOLUETA,1,TR_SHAPE_8753521
TR,SUNDAY,TR_SUNDAY_1_415,BOLUETA,1,TR_SHAPE_8753521
TR,SUNDAY,TR_SUNDAY_1_416,BOLUETA,1,TR_SHAPE_8753521
TR,SUNDAY,TR_SUNDAY_1_417,BOLUETA,1,TR_SHAPE_8753521
TR,SUNDAY,TR_SUNDAY_1_418,BOLUETA,1,TR_SHAPE_8753521
TR,SUNDAY,TR_SUNDAY_1_419,BOLUETA,1,TR_SHAPE_8753521
TR,SUNDAY,TR_SUNDAY_1_420,BOLUETA,1,TR_SHAPE_8753521
TR,SUNDAY,TR_SUNDAY_1_421,BOLUETA,1,TR_SHAPE_8753521
TR,SUNDAY,TR_SUNDAY_1_422,BOLUETA,1,TR_SHAPE_8753521
TR,SUNDAY,TR_SUNDAY_1_423,BOLUETA,1,TR_SHAPE_8753521
TR,SUNDAY,TR_SUNDAY_1_424,BOLUETA,1,TR_SHAPE_8753521
TR,SUNDAY,TR_SUNDAY_1_425,BOLUETA,1,TR_SHAPE_8753521
TR,SUNDAY,TR_SUNDAY_1_426,BOLUETA,1,TR_SHAPE_8753521
TR,SUNDAY,TR_SUNDAY_1_427,BOLUETA,1,TR_SHAPE_8753521
TR,SUNDAY,TR_SUNDAY_1_428,BOLUETA,1,TR_SHAPE_8753521
TR,SUNDAY,TR_SUNDAY_1_429,BOLUETA,1,TR_SHAPE_8753521
TR,SUNDAY,TR_SUNDAY_1_430,BOLUETA,1,TR_SHAPE_8753521
TR,SUNDAY,TR_SUNDAY_1_431,BOLUETA,1,TR_SHAPE_8753521
TR,SUNDAY,TR_SUNDAY_1_432,BOLUETA,1,TR_SHAPE_8753521
TR,SUNDAY,TR_SUNDAY_1_433,BOLUETA,1,TR_SHAPE_8753521
TR,SUNDAY,TR_SUNDAY_1_434,BOLUETA,1,TR_SHAPE_8753521
TR,SUNDAY,TR_SUNDAY_1_435,BOLUETA,1,TR_SHAPE_8753521
TR,SUNDAY,TR_SUNDAY_1_436,BOLUETA,1,TR_SHAPE_8753521
TR,SUNDAY,TR_SUNDAY_1_437,ATXURI,1,TR_SHAPE_8753521
TR,SUNDAY,TR_SUNDAY_1_438,ATXURI,1,TR_SHAPE_8753521
TR,SUNDAY,TR_SUNDAY_1_439,ATXURI,1,TR_SHAPE_8753521
